date,meantemp,humidity
01-01-2017,10,84.5
02-01-2017,7.4,92
03-01-2017,7.166666667,87
04-01-2017,8.666666667,71.33333333
05-01-2017,6,86.83333333
06-01-2017,7,82.8
07-01-2017,7,78.6
08-01-2017,8.857142857,63.71428571
09-01-2017,14,51.25
10-01-2017,11,62
11-01-2017,15.71428571,51.28571429
12-01-2017,14,74
13-01-2017,15.83333333,75.16666667
14-01-2017,12.83333333,88.16666667
15-01-2017,14.71428571,71.85714286
16-01-2017,13.83333333,86.66666667
17-01-2017,16.5,80.83333333
18-01-2017,13.83333333,92.16666667
19-01-2017,12.5,76.66666667
20-01-2017,11.28571429,75.28571429
21-01-2017,11.2,77
22-01-2017,9.5,79.66666667
23-01-2017,14,60.16666667
24-01-2017,13.83333333,60.66666667
25-01-2017,12.25,67
26-01-2017,12.66666667,64.16666667
27-01-2017,12.85714286,65.57142857
28-01-2017,14.83333333,56
29-01-2017,14.125,65.5
30-01-2017,14.71428571,70.42857143
31-01-2017,16.2,65.6
01-02-2017,16,73
02-02-2017,16.28571429,77.57142857
03-02-2017,18,65.57142857
04-02-2017,17.42857143,74.28571429
05-02-2017,16.625,92.375
06-02-2017,16.66666667,71.33333333
07-02-2017,15.6,59.4
08-02-2017,14,70.42857143
09-02-2017,15.42857143,61.28571429
10-02-2017,15.25,71.5
11-02-2017,15.875,70.5
12-02-2017,15.33333333,70.33333333
13-02-2017,16.28571429,70.14285714
14-02-2017,17.33333333,63.83333333
15-02-2017,19.16666667,65.33333333
16-02-2017,14.42857143,92.71428571
17-02-2017,13.66666667,90
18-02-2017,15.6,78.4
19-02-2017,15.85714286,82
20-02-2017,17.71428571,74.71428571
21-02-2017,20,67.28571429
22-02-2017,20.5,65.625
23-02-2017,17.42857143,74.85714286
24-02-2017,16.85714286,78.85714286
25-02-2017,16.875,72.875
26-02-2017,17.85714286,70
27-02-2017,20.8,57.2
28-02-2017,19.42857143,52.85714286
01-03-2017,17.33333333,49.33333333
02-03-2017,19,54
03-03-2017,19.33333333,62.83333333
04-03-2017,17.6,71
05-03-2017,20.875,61.875
06-03-2017,20.85714286,65.28571429
07-03-2017,23.42857143,57.14285714
08-03-2017,24.16666667,44.83333333
09-03-2017,25.42857143,49.71428571
10-03-2017,23.14285714,57.57142857
11-03-2017,24,66.33333333
12-03-2017,23.5,62.5
13-03-2017,21.5,70.5
14-03-2017,22.33333333,61.16666667
15-03-2017,24.16666667,45.83333333
16-03-2017,20.33333333,67.66666667
17-03-2017,22.66666667,58.66666667
18-03-2017,23.42857143,58.14285714
19-03-2017,22.5,73.66666667
20-03-2017,29.16666667,36.33333333
21-03-2017,23.83333333,58.5
22-03-2017,25.25,50.25
23-03-2017,27.375,50.125
24-03-2017,27,48.75
25-03-2017,23.5,45.5
26-03-2017,24.14285714,44.57142857
27-03-2017,21,62
28-03-2017,22.42857143,62.71428571
29-03-2017,21.25,70.375
30-03-2017,23.5,54.75
31-03-2017,23.2,58
01-04-2017,25.375,45.5
02-04-2017,25.16666667,51
03-04-2017,26.2,45.6
04-04-2017,24.6,41.8
05-04-2017,25.6,31
06-04-2017,25.85714286,29.85714286
07-04-2017,29.14285714,23.28571429
08-04-2017,28.71428571,33.85714286
09-04-2017,30.16666667,30.5
10-04-2017,30,28
11-04-2017,30,24.2
12-04-2017,28.85714286,32.57142857
13-04-2017,30.2,29.2
14-04-2017,28.25,39.375
15-04-2017,28.25,41.375
16-04-2017,32.125,24.625
17-04-2017,29.2,24.2
18-04-2017,30.28571429,30.28571429
19-04-2017,28.28571429,31.28571429
20-04-2017,30.625,29
21-04-2017,27.66666667,38.66666667
22-04-2017,27.375,45.375
23-04-2017,28.625,44.125
24-04-2017,30.28571429,41.71428571
25-04-2017,31.14285714,38.28571429
26-04-2017,29.875,45.875
27-04-2017,31.14285714,31.42857143
28-04-2017,30.57142857,28
29-04-2017,32.125,26.375
30-04-2017,31.14285714,32
01-05-2017,31.85714286,15.85714286
02-05-2017,29.83333333,22.16666667
03-05-2017,28.57142857,31.57142857
04-05-2017,32.85714286,31.42857143
05-05-2017,32.625,31.125
06-05-2017,32.75,39.25
07-05-2017,32.875,33.25
08-05-2017,34.5,23
09-05-2017,34.28571429,26
10-05-2017,34,27.71428571
11-05-2017,30.75,30.375
12-05-2017,29.85714286,40.14285714
13-05-2017,31.71428571,34
14-05-2017,32.28571429,34.28571429
15-05-2017,33,33
16-05-2017,33,34.75
17-05-2017,32.83333333,28.16666667
18-05-2017,31.4,42.2
19-05-2017,35.33333333,22.33333333
20-05-2017,36.4,24.2
21-05-2017,36,19
22-05-2017,36.75,22.125
23-05-2017,37.5,23.33333333
24-05-2017,38.42857143,27.42857143
25-05-2017,38.71428571,22.42857143
26-05-2017,37.8,21.2
27-05-2017,35.85714286,31.57142857
28-05-2017,35.33333333,29
29-05-2017,34.14285714,27.85714286
30-05-2017,32.2,28.2
31-05-2017,33.625,40.125
01-06-2017,32,54
02-06-2017,32.4,56.6
03-06-2017,35.6,47
04-06-2017,35.85714286,42.57142857
05-06-2017,37.16666667,36.5
06-06-2017,31.28571429,61.71428571
07-06-2017,34,49.25
08-06-2017,34.2,57.4
09-06-2017,36.16666667,40
10-06-2017,36.625,42.75
11-06-2017,30.16666667,61.66666667
12-06-2017,34.14285714,54.14285714
13-06-2017,29.83333333,68.66666667
14-06-2017,30.14285714,68.14285714
15-06-2017,30.71428571,65
16-06-2017,27,88.85714286
17-06-2017,26.875,87.375
18-06-2017,28.4,83.6
19-06-2017,29.85714286,72.85714286
20-06-2017,33,52.71428571
21-06-2017,34.83333333,47.33333333
22-06-2017,35.6,39.4
23-06-2017,35.16666667,53
24-06-2017,33.14285714,55
25-06-2017,30.57142857,70.42857143
26-06-2017,30.66666667,71.5
27-06-2017,31.42857143,61.85714286
28-06-2017,31.5,64.25
29-06-2017,33.25,57
30-06-2017,32.83333333,52.16666667
01-07-2017,33.85714286,54
02-07-2017,33.14285714,58.28571429
03-07-2017,31.57142857,70
04-07-2017,32.375,67.5
05-07-2017,32.8,62.2
06-07-2017,31,73.14285714
07-07-2017,31.16666667,77.33333333
08-07-2017,29.83333333,75.16666667
09-07-2017,29,78.83333333
10-07-2017,29.75,75.375
11-07-2017,32.5,65.5
12-07-2017,28.875,86.625
13-07-2017,31.75,70.25
14-07-2017,30.75,71.625
15-07-2017,31.75,73.25
16-07-2017,29.875,83.875
17-07-2017,31.125,78.375
18-07-2017,31.75,76
19-07-2017,30.5,73.5
20-07-2017,26.83333333,90.66666667
21-07-2017,28.2,88
22-07-2017,29.5,80.33333333
23-07-2017,31.85714286,70.71428571
24-07-2017,29.71428571,84.14285714
25-07-2017,28.33333333,84.5
26-07-2017,30,73.85714286
27-07-2017,30.14285714,79
28-07-2017,32.28571429,67.42857143
29-07-2017,31,77.42857143
30-07-2017,30.5,75.66666667
31-07-2017,28.83333333,78.5
01-08-2017,30,73.5
02-08-2017,31.57142857,66.42857143
03-08-2017,32.5,62.33333333
04-08-2017,32.5,62.5
05-08-2017,29.5,77
06-08-2017,27.16666667,90.66666667
07-08-2017,28.375,85.25
08-08-2017,28.5,84
09-08-2017,27.16666667,87.5
10-08-2017,29.42857143,79.85714286
11-08-2017,30,76.83333333
12-08-2017,29.5,81.5
13-08-2017,30.75,72
14-08-2017,29.66666667,74.33333333
15-08-2017,27.71428571,85
16-08-2017,26.6,92
17-08-2017,27.42857143,91
18-08-2017,28.33333333,83.83333333
19-08-2017,28.16666667,84.66666667
20-08-2017,27.375,88.5
21-08-2017,28.33333333,81.16666667
22-08-2017,29.16666667,74.83333333
23-08-2017,31.28571429,73.14285714
24-08-2017,32,71.25
25-08-2017,29,90.75
26-08-2017,32,69.875
27-08-2017,32.14285714,57.28571429
28-08-2017,30.14285714,60.71428571
29-08-2017,31.5,57
30-08-2017,29.16666667,73
31-08-2017,29,71.75
01-09-2017,30,65.2
02-09-2017,31.85714286,50.85714286
03-09-2017,32.75,45.5
04-09-2017,31.71428571,48
05-09-2017,31.66666667,46
06-09-2017,30.57142857,55.71428571
07-09-2017,30.83333333,51.83333333
08-09-2017,28,71.75
09-09-2017,31,57.5
10-09-2017,29.66666667,66.33333333
11-09-2017,30.85714286,61.14285714
12-09-2017,31.16666667,60.33333333
13-09-2017,31.14285714,67.14285714
14-09-2017,30.5,67
15-09-2017,31.625,56.375
16-09-2017,29.66666667,60
17-09-2017,29.25,56.5
18-09-2017,29.14285714,58.57142857
19-09-2017,29.8,61.6
20-09-2017,28.66666667,70
21-09-2017,25.2,89
22-09-2017,28.33333333,79.66666667
23-09-2017,30.28571429,68
24-09-2017,30.75,65.75
25-09-2017,28.57142857,75
26-09-2017,28.2,78.8
27-09-2017,29,71.25
28-09-2017,30,67.33333333
29-09-2017,28.14285714,79.85714286
30-09-2017,26.85714286,84.57142857
01-10-2017,28.28571429,68.71428571
02-10-2017,29.2,61.4
03-10-2017,28.6,59
04-10-2017,24.83333333,84.33333333
05-10-2017,28.5,69
06-10-2017,29.75,66.5
07-10-2017,29.71428571,66.57142857
08-10-2017,29.2,69.4
09-10-2017,30.83333333,65.5
10-10-2017,29.42857143,66.28571429
11-10-2017,23.85714286,89.85714286
12-10-2017,26.14285714,82.57142857
13-10-2017,27.16666667,84.33333333
14-10-2017,27.71428571,74.85714286
15-10-2017,25.85714286,76.42857143
16-10-2017,26.42857143,75
17-10-2017,26.85714286,76.71428571
18-10-2017,26.33333333,73.16666667
19-10-2017,24.57142857,69.57142857
20-10-2017,24.33333333,67.83333333
21-10-2017,24.875,63.625
22-10-2017,27.8,53.6
23-10-2017,25,67.5
24-10-2017,23.85714286,73.14285714
25-10-2017,22.8,75.8
26-10-2017,23,78.2
27-10-2017,22.875,66.875
28-10-2017,22.66666667,63.16666667
29-10-2017,23,62.71428571
30-10-2017,22.85714286,67.42857143
31-10-2017,23.66666667,58.83333333
01-11-2017,23.42857143,69.14285714
02-11-2017,21.625,65
03-11-2017,20.625,57.875
04-11-2017,21.16666667,54.16666667
05-11-2017,18.83333333,74.33333333
06-11-2017,20.57142857,66.71428571
07-11-2017,20.14285714,73.14285714
08-11-2017,18,82.2
09-11-2017,19.85714286,73.57142857
10-11-2017,16.83333333,72
11-11-2017,18.85714286,61.85714286
12-11-2017,16.57142857,71.71428571
13-11-2017,17.75,65
14-11-2017,17.625,63.375
15-11-2017,17,67
16-11-2017,16.625,69.625
17-11-2017,15.57142857,67.42857143
18-11-2017,18.5,55.125
19-11-2017,17.875,63.5
20-11-2017,18.25,58.875
21-11-2017,17.875,66.25
22-11-2017,17.625,74.875
23-11-2017,18.14285714,77.85714286
24-11-2017,19.125,58.875
25-11-2017,21.25,49.875
26-11-2017,21.25,51.375
27-11-2017,19.125,68.5
28-11-2017,18.625,71.875
29-11-2017,17.75,66.625
30-11-2017,17.875,69.625
01-12-2017,18,65
02-12-2017,17.25,73.25
03-12-2017,17.5,73.5
04-12-2017,17.14285714,71.85714286
05-12-2017,17.14285714,69
06-12-2017,16.125,72.375
07-12-2017,16,80.5
08-12-2017,16.5,83.625
09-12-2017,16.125,79.25
10-12-2017,15.5,81.75
11-12-2017,16.625,71.875
12-12-2017,17.75,62.375
13-12-2017,17.14285714,67.71428571
14-12-2017,16.14285714,79
15-12-2017,15.5,86.25
16-12-2017,15.25,89.5
17-12-2017,14.75,92.875
18-12-2017,14.875,93
19-12-2017,16.125,89.125
20-12-2017,15.375,91.375
21-12-2017,14.75,94
22-12-2017,15.25,94
23-12-2017,14.25,88.25
24-12-2017,13.5,84.75
25-12-2017,13.66666667,63.16666667
26-12-2017,12.125,67.625
27-12-2017,11.875,79.875
28-12-2017,10.875,70
29-12-2017,10.57142857,69.42857143
30-12-2017,12.375,79.5
31-12-2017,14.5,89.375
01-01-2018,13.375,89.625
02-01-2018,11,78.375
03-01-2018,12.5,74.875
04-01-2018,12.875,88.125
05-01-2018,12.375,89
06-01-2018,11.42857143,86.28571429
07-01-2018,12.14285714,72.28571429
08-01-2018,11.875,76.875
09-01-2018,12.83333333,83
10-01-2018,12.375,85.375
11-01-2018,12.125,82.625
12-01-2018,12.875,80.875
13-01-2018,14,72.375
14-01-2018,14.875,76.75
15-01-2018,12,93.5
16-01-2018,12.28571429,90.57142857
17-01-2018,12,95.75
18-01-2018,12.5,94.25
19-01-2018,14.5,84.5
20-01-2018,14.625,83.5
21-01-2018,13.57142857,96.85714286
22-01-2018,15.25,96.125
23-01-2018,15.625,90.125
24-01-2018,13.875,88.875
25-01-2018,11.75,95.625
26-01-2018,14.375,85.75
27-01-2018,16.625,72.375
28-01-2018,16.625,69.875
29-01-2018,14.875,81.875
30-01-2018,14.5,83.25
31-01-2018,14.75,82.5
01-02-2018,14,79.375
02-02-2018,15.25,76.125
03-02-2018,18.42857143,63.85714286
04-02-2018,18.85714286,65.42857143
05-02-2018,17,72.75
06-02-2018,18.5,65.375
07-02-2018,19.625,67.25
08-02-2018,13.625,85.375
09-02-2018,12.875,63.375
10-02-2018,12.625,61.75
11-02-2018,13.375,64.625
12-02-2018,13.25,67
13-02-2018,15.25,64.5
14-02-2018,13,95.5
15-02-2018,12.375,89.5
16-02-2018,13.5,79
17-02-2018,15.125,66.125
18-02-2018,15.25,60.125
19-02-2018,15.125,75.375
20-02-2018,16.125,78.625
21-02-2018,17.125,72.25
22-02-2018,16.625,85.625
23-02-2018,16.5,80
24-02-2018,16.375,69.375
25-02-2018,18.125,69
26-02-2018,18.75,71.125
27-02-2018,18.625,76.625
28-02-2018,15.625,88.375
01-03-2018,16.14285714,87.28571429
02-03-2018,16.125,79
03-03-2018,17.875,65.625
04-03-2018,18.75,66.375
05-03-2018,18.875,67
06-03-2018,18.375,64
07-03-2018,18.5,62.875
08-03-2018,19.875,63.875
09-03-2018,22,56.625
10-03-2018,20,63.875
11-03-2018,20.71428571,70
12-03-2018,20,68.875
13-03-2018,19,60.625
14-03-2018,19.625,61.25
15-03-2018,21.625,62.625
16-03-2018,23.125,58.5
17-03-2018,26.25,52.125
18-03-2018,24.85714286,53.42857143
19-03-2018,21.75,57.375
20-03-2018,21.5,55
21-03-2018,22.5,64.75
22-03-2018,25,59.5
23-03-2018,22.75,61.875
24-03-2018,22.375,73.125
25-03-2018,24.625,60.25
26-03-2018,25.125,58.875
27-03-2018,23.5,63.25
28-03-2018,24.42857143,67.57142857
29-03-2018,25.875,55.625
30-03-2018,24.125,46.75
31-03-2018,24.125,44.125
01-04-2018,24.875,45.75
02-04-2018,26.75,43.375
03-04-2018,25,48
04-04-2018,25.85714286,47.85714286
05-04-2018,27.375,44
06-04-2018,30.125,45.25
07-04-2018,27.25,47.625
08-04-2018,25.75,41.875
09-04-2018,25.75,35.25
10-04-2018,26.375,29.25
11-04-2018,28.14285714,29
12-04-2018,29.125,39.875
13-04-2018,26.875,40.375
14-04-2018,27.625,46.625
15-04-2018,29,48.125
16-04-2018,27.125,53.625
17-04-2018,26.375,49.625
18-04-2018,24.25,64.375
19-04-2018,25.625,57.875
20-04-2018,27,48
21-04-2018,28,33.125
22-04-2018,29.375,29.375
23-04-2018,29.125,37
24-04-2018,29.375,35.875
25-04-2018,30.625,34.375
26-04-2018,31.5,32
27-04-2018,30.625,30
28-04-2018,31.5,27.875
29-04-2018,32.125,28.875
30-04-2018,33.25,25.5
01-05-2018,34.875,22.5
02-05-2018,34.375,24.75
03-05-2018,31.75,33.375
04-05-2018,31.875,34.375
05-05-2018,29.75,53.25
06-05-2018,29.57142857,51.14285714
07-05-2018,31.75,48.625
08-05-2018,31.375,43
09-05-2018,30.5,39.625
10-05-2018,30,37.625
11-05-2018,29.625,40.375
12-05-2018,28,53.375
13-05-2018,25.25,65.75
14-05-2018,26.875,55.25
15-05-2018,29.5,39.875
16-05-2018,31.125,40.25
17-05-2018,29.875,47.625
18-05-2018,31.5,35.375
19-05-2018,32.375,29.5
20-05-2018,31.125,34
21-05-2018,33,32.5
22-05-2018,33.25,33.375
23-05-2018,34.625,32.75
24-05-2018,31.5,50.5
25-05-2018,31.5,43.25
26-05-2018,30.125,54.125
27-05-2018,31.875,49.75
28-05-2018,33.625,44.5
29-05-2018,35.25,40.125
30-05-2018,33.125,44.5
31-05-2018,34.625,39
01-06-2018,32.75,34.25
02-06-2018,32.75,41.375
03-06-2018,34.875,33.625
04-06-2018,35.25,33.125
05-06-2018,36.875,26.875
06-06-2018,37.5,27.625
07-06-2018,38.5,22.75
08-06-2018,37.625,26.25
09-06-2018,37.875,32.125
10-06-2018,37.25,20.875
11-06-2018,37.625,23.125
12-06-2018,32.875,39.25
13-06-2018,30.25,55.125
14-06-2018,30.5,66.875
15-06-2018,33.875,52
16-06-2018,36.375,41.375
17-06-2018,36.875,42.125
18-06-2018,33.875,58
19-06-2018,35.75,47.875
20-06-2018,38,36.125
21-06-2018,36.875,40.125
22-06-2018,34.5,46.75
23-06-2018,32.125,49.75
24-06-2018,33,46.25
25-06-2018,32.25,53.25
26-06-2018,32.5,60.375
27-06-2018,34.75,48.5
28-06-2018,34.875,49
29-06-2018,33,57.75
30-06-2018,32,67.75
01-07-2018,31.375,65.125
02-07-2018,29.5,71.375
03-07-2018,28.875,75.125
04-07-2018,31.38888889,69
05-07-2018,34.70588235,52.05882353
06-07-2018,30.625,61.125
07-07-2018,34,48.75
08-07-2018,35,39.5
09-07-2018,36,37.125
10-07-2018,36.125,38.75
11-07-2018,36.625,38.625
12-07-2018,35.875,51.375
13-07-2018,31.625,69.75
14-07-2018,32.375,67.875
15-07-2018,33.125,62.625
16-07-2018,32.625,63
17-07-2018,30.75,74.25
18-07-2018,27.25,83.875
19-07-2018,29.875,71
20-07-2018,30.875,68.875
21-07-2018,32.125,65.5
22-07-2018,31.625,69.75
23-07-2018,30.625,72.875
24-07-2018,30.5,63.625
25-07-2018,30.75,63.25
26-07-2018,32.5,61.5
27-07-2018,31.71428571,65.42857143
28-07-2018,30,75.75
29-07-2018,30.25,69.875
30-07-2018,31.875,65.75
31-07-2018,32.5,65.75
01-08-2018,33.25,59.5
02-08-2018,30.125,77.75
03-08-2018,31.5,66.25
04-08-2018,30.5,69.75
05-08-2018,29.75,77.5
06-08-2018,32.125,65
07-08-2018,31.125,65.375
08-08-2018,31,67.875
09-08-2018,29.23529412,80.47058824
10-08-2018,28.5,89.90625
11-08-2018,31.125,72.125
12-08-2018,32.125,57.5
13-08-2018,32.125,57.71428571
14-08-2018,30.375,57.5
15-08-2018,31.125,54.875
16-08-2018,30.42857143,59.85714286
17-08-2018,31.375,53.875
18-08-2018,31.875,56.625
19-08-2018,33,52.42857143
20-08-2018,33.25,47.125
21-08-2018,32.5,43
22-08-2018,33,47.125
23-08-2018,33.125,45.75
24-08-2018,33.125,46.25
25-08-2018,33.875,46.625
26-08-2018,34.125,40.25
27-08-2018,33.85714286,44.71428571
28-08-2018,29.625,67.75
29-08-2018,30.375,69.25
30-08-2018,28.625,78.125
31-08-2018,27.625,86.125
01-09-2018,29.42857143,65.85714286
02-09-2018,29.25,71
03-09-2018,28.625,77.875
04-09-2018,27.875,80.75
05-09-2018,26.5,85.75
06-09-2018,28.5,76.875
07-09-2018,31,67.625
08-09-2018,31.25,66.375
09-09-2018,31,70.125
10-09-2018,28.75,77.5
11-09-2018,26.57142857,85.71428571
12-09-2018,28.5,73
13-09-2018,29.375,68.25
14-09-2018,29.125,65.5
15-09-2018,29.625,63.125
16-09-2018,30.625,65.125
17-09-2018,30.625,61.875
18-09-2018,30.5,62.375
19-09-2018,31,56.625
20-09-2018,31.125,55.75
21-09-2018,30.5,54.875
22-09-2018,30.625,50
23-09-2018,31,47
24-09-2018,29.625,53
25-09-2018,30,52.5
26-09-2018,30,52.5
27-09-2018,30.5,46.875
28-09-2018,30.25,48.875
29-09-2018,30.5,48.75
30-09-2018,30.625,50.125
01-10-2018,30.42857143,52.85714286
02-10-2018,30.375,53.375
03-10-2018,30.5,52.625
04-10-2018,31,53.5
05-10-2018,30.625,56.125
06-10-2018,30.625,56.75
07-10-2018,31,59.375
08-10-2018,28.75,52.75
09-10-2018,27.625,49.875
10-10-2018,27.125,57.375
11-10-2018,25.71428571,57.14285714
12-10-2018,26,58.625
13-10-2018,27.625,59.75
14-10-2018,24.5,67.625
15-10-2018,24.5,68
16-10-2018,23,58.875
17-10-2018,25,47.66666667
18-10-2018,24,56.14285714
19-10-2018,23.75,57.75
20-10-2018,24.75,55.625
21-10-2018,25.625,56.125
22-10-2018,25.75,64.875
23-10-2018,25.25,66
24-10-2018,25.5,67.5
25-10-2018,25.25,67.125
26-10-2018,25.125,65.5
27-10-2018,24.875,62.875
28-10-2018,25.125,64.75
29-10-2018,24.75,65.75
30-10-2018,23.875,61.375
31-10-2018,23.375,58.25
01-11-2018,22.5,50.875
02-11-2018,22.875,49.125
03-11-2018,23.375,52.75
04-11-2018,23.625,56.625
05-11-2018,22.75,56.25
06-11-2018,23,56.25
07-11-2018,24,66.125
08-11-2018,23.875,66.25
09-11-2018,24.125,56.375
10-11-2018,21.375,52.125
11-11-2018,19.25,55.125
12-11-2018,19.625,52
13-11-2018,18.5,50.5
14-11-2018,18.375,43
15-11-2018,18.625,44.75
16-11-2018,18.25,47.625
17-11-2018,17.75,51.75
18-11-2018,17.625,53
19-11-2018,17.5,58.125
20-11-2018,20.375,54.625
21-11-2018,18.25,62.125
22-11-2018,19.875,58.875
23-11-2018,17.125,57.375
24-11-2018,16.875,52.25
25-11-2018,16.5,51.5
26-11-2018,19.625,51
27-11-2018,18.125,63.875
28-11-2018,19.375,67.375
29-11-2018,20.25,67.625
30-11-2018,19.75,54.75
01-12-2018,20,42.625
02-12-2018,21.375,47.625
03-12-2018,25,66.57142857
04-12-2018,21.25,68.875
05-12-2018,17.75,59.875
06-12-2018,18.25,48.875
07-12-2018,17.25,48.375
08-12-2018,17,49.875
09-12-2018,15.28571429,67.57142857
10-12-2018,21.5,65.5
11-12-2018,19.625,70.5
12-12-2018,17.5,65.625
13-12-2018,16,71.875
14-12-2018,16.875,86.625
15-12-2018,16.625,75.75
16-12-2018,17.75,72.375
17-12-2018,12.875,72.125
18-12-2018,11.75,79.75
19-12-2018,11.75,81.75
20-12-2018,11.25,77
21-12-2018,9.5,79.125
22-12-2018,9.375,85
23-12-2018,9.625,78.625
24-12-2018,9.875,83
25-12-2018,9.25,81.125
26-12-2018,10.75,77
27-12-2018,10.375,69
28-12-2018,9,86
29-12-2018,11.125,72.625
30-12-2018,11.625,70.625
31-12-2018,12.375,67.125
01-01-2019,14.75,72
02-01-2019,14.875,96.625
03-01-2019,15.125,92
04-01-2019,14.125,78.75
05-01-2019,14,69.375
06-01-2019,12,79.875
07-01-2019,9.625,86
08-01-2019,10,87.875
09-01-2019,10.625,80.625
10-01-2019,11.125,73.125
11-01-2019,11,80.75
12-01-2019,10.625,79.5
13-01-2019,12.25,77.875
14-01-2019,12,82.25
15-01-2019,12.375,79.125
16-01-2019,13,78.125
17-01-2019,13.5,76.625
18-01-2019,13,73.875
19-01-2019,13.75,78
20-01-2019,13.375,74.375
21-01-2019,13.25,73.375
22-01-2019,12.625,94.125
23-01-2019,14.625,85
24-01-2019,12.375,86.25
25-01-2019,13.25,77.75
26-01-2019,13.75,88.125
27-01-2019,13.25,74.25
28-01-2019,11.71428571,67
29-01-2019,11.5,67.5
30-01-2019,12.75,56.125
31-01-2019,13.75,57.625
01-02-2019,15,65.25
02-02-2019,17.375,63.875
03-02-2019,16.75,71.25
04-02-2019,14.625,81.125
05-02-2019,14.625,62.875
06-02-2019,15.125,62.625
07-02-2019,15.875,67.625
08-02-2019,16.625,63.875
09-02-2019,16.875,63.5
10-02-2019,15.75,64
11-02-2019,16,66.625
12-02-2019,15.5,69.625
13-02-2019,17.25,59
14-02-2019,19.375,63.125
15-02-2019,18.875,70.125
16-02-2019,20.625,71.25
17-02-2019,21.14285714,72.57142857
18-02-2019,21.25,72.875
19-02-2019,22.75,73.5
20-02-2019,22.75,67.125
21-02-2019,21.875,63.5
22-02-2019,22.14285714,58.85714286
23-02-2019,21.5,74.375
24-02-2019,22.875,72.375
25-02-2019,23.125,58.625
26-02-2019,20,34.375
27-02-2019,19.25,43.125
28-02-2019,21.25,45.5
01-03-2019,17.375,92.75
02-03-2019,17.5,89.875
03-03-2019,16.25,82.5
04-03-2019,16.75,69.25
05-03-2019,18.75,64
06-03-2019,20,62.375
07-03-2019,18.375,80.375
08-03-2019,19.5,74.125
09-03-2019,18.125,54.25
10-03-2019,17.75,68.5
11-03-2019,18.25,69.875
12-03-2019,20.5,63.375
13-03-2019,21.375,65.25
14-03-2019,21.5,64.625
15-03-2019,17.625,89.125
16-03-2019,19.85714286,81.85714286
17-03-2019,20.875,70.375
18-03-2019,20.25,69.625
19-03-2019,21.125,66
20-03-2019,22.5,65.75
21-03-2019,24.875,60.5
22-03-2019,25.125,64
23-03-2019,24.75,65.75
24-03-2019,25.75,65.5
25-03-2019,26.625,65.625
26-03-2019,28.5,54.375
27-03-2019,27.375,51.375
28-03-2019,27,53.625
29-03-2019,25,52.75
30-03-2019,23.5,66.25
31-03-2019,25.25,64.875
01-04-2019,26.42857143,59.71428571
02-04-2019,28.71428571,45.28571429
03-04-2019,24.5,71.125
04-04-2019,21,77.5
05-04-2019,23.57142857,67.71428571
06-04-2019,25,60.125
07-04-2019,23.75,62.125
08-04-2019,25.625,50.375
09-04-2019,26,52.875
10-04-2019,27.125,52.25
11-04-2019,28.25,44.875
12-04-2019,24.375,63
13-04-2019,24.75,70.875
14-04-2019,26.25,62.75
15-04-2019,27.625,59.25
16-04-2019,25.25,58.25
17-04-2019,28.125,48.75
18-04-2019,30.125,44.5
19-04-2019,32.125,41
20-04-2019,32.875,37.875
21-04-2019,31.75,28.5
22-04-2019,30.75,30.25
23-04-2019,30.75,33
24-04-2019,31.125,39.5
25-04-2019,30.5,43.125
26-04-2019,28.75,51.125
27-04-2019,30.125,53
28-04-2019,31,48.25
29-04-2019,31.25,47.25
30-04-2019,32.625,44.75
01-05-2019,31.25,43.5
02-05-2019,30.125,40.25
03-05-2019,31,39.25
04-05-2019,30.875,39.25
05-05-2019,32.125,31.125
06-05-2019,34.125,22
07-05-2019,35.42857143,13.42857143
08-05-2019,34.125,22.375
09-05-2019,35.125,27
10-05-2019,35.125,25
11-05-2019,34,32.625
12-05-2019,33.125,46
13-05-2019,27.75,61
14-05-2019,29.625,49.625
15-05-2019,28.5,52.125
16-05-2019,30,51.625
17-05-2019,33.25,40.375
18-05-2019,35.375,35.75
19-05-2019,31.5,44
20-05-2019,33.125,31.625
21-05-2019,35.625,24.625
22-05-2019,36.25,19.5
23-05-2019,37.375,21.75
24-05-2019,36,29.25
25-05-2019,37.75,22.25
26-05-2019,35.25,26.625
27-05-2019,33.75,20.5
28-05-2019,34.75,29.5
29-05-2019,35.125,27.25
30-05-2019,32.25,38.75
31-05-2019,34.25,25
01-06-2019,29.375,41.75
02-06-2019,31.625,39.25
03-06-2019,28.625,50.5
04-06-2019,31.875,48.375
05-06-2019,32.625,39.875
06-06-2019,33.375,39.75
07-06-2019,35,36.25
08-06-2019,36.5,33
09-06-2019,37.625,23.875
10-06-2019,36.625,32.28571429
11-06-2019,35.625,34.75
12-06-2019,35.875,34.625
13-06-2019,31.125,48.125
14-06-2019,27,77.625
15-06-2019,31,60.75
16-06-2019,32.375,52.125
17-06-2019,33.875,49.75
18-06-2019,35.125,45.125
19-06-2019,35.875,46.75
20-06-2019,33.125,48.5
21-06-2019,30.375,63.625
22-06-2019,32.125,59.5
23-06-2019,31.5,61.625
24-06-2019,37.25,63.875
25-06-2019,26.625,82.75
26-06-2019,31.125,54.25
27-06-2019,32.625,48.25
28-06-2019,34.25,47.5
29-06-2019,31.125,56.625
30-06-2019,30.875,58.625
01-07-2019,32,53.25
02-07-2019,33.75,45.875
03-07-2019,33,49
04-07-2019,34.125,51.5
05-07-2019,35.71428571,47.28571429
06-07-2019,27.875,83.25
07-07-2019,28.125,86.125
08-07-2019,31.25,72
09-07-2019,29.625,77.25
10-07-2019,26.625,92.125
11-07-2019,25.5,98
12-07-2019,25.5,94.75
13-07-2019,29.875,73.125
14-07-2019,30.875,67.875
15-07-2019,33.375,52.875
16-07-2019,31.75,61.375
17-07-2019,30.75,75.625
18-07-2019,29.5,78.875
19-07-2019,30.125,70
20-07-2019,29.125,78
21-07-2019,31.375,69.25
22-07-2019,32.25,64.125
23-07-2019,32.125,64.875
24-07-2019,32,64.75
25-07-2019,30.85714286,71
26-07-2019,30,71.625
27-07-2019,29.625,69
28-07-2019,29.5,61
29-07-2019,28.5,68.125
30-07-2019,29,67.75
31-07-2019,29,71
01-08-2019,28.25,71.75
02-08-2019,29.625,69.5
03-08-2019,31.5,58.625
04-08-2019,29.42857143,77.78571429
05-08-2019,29.59375,79.65625
06-08-2019,29.5,79.125
07-08-2019,29.25,83
08-08-2019,28.875,84.875
09-08-2019,27.375,90.125
10-08-2019,30.375,77
11-08-2019,28.375,86.625
12-08-2019,30.75,74.25
13-08-2019,32,69.5
14-08-2019,30.875,72.625
15-08-2019,28.5,85.5
16-08-2019,28.625,82.625
17-08-2019,30.75,72.625
18-08-2019,29.125,72.875
19-08-2019,31.25,61.25
20-08-2019,30.75,58.625
21-08-2019,29.375,72
22-08-2019,30.25,65.375
23-08-2019,29.875,69.375
24-08-2019,30.75,65.625
25-08-2019,32,57.28571429
26-08-2019,32,61
27-08-2019,32.5,61
28-08-2019,32,63.5
29-08-2019,32.25,58
30-08-2019,32.625,56.5
31-08-2019,31.85714286,54.42857143
01-09-2019,32.125,47.625
02-09-2019,31.875,45.625
03-09-2019,31.625,49.125
04-09-2019,32,42.625
05-09-2019,30.875,47.25
06-09-2019,31.25,41.8
07-09-2019,31.5,46.375
08-09-2019,31.625,47
09-09-2019,31,47.875
10-09-2019,31.25,46.5
11-09-2019,30.75,49.75
12-09-2019,32.14285714,54.42857143
13-09-2019,32.125,55.25
14-09-2019,31.875,54.375
15-09-2019,33,55
16-09-2019,32.375,55
17-09-2019,31.375,58.375
18-09-2019,31,67.625
19-09-2019,30.625,74.25
20-09-2019,29.14285714,69.14285714
21-09-2019,30.125,64.5
22-09-2019,30.25,64.375
23-09-2019,28.625,61.25
24-09-2019,28.25,52.375
25-09-2019,28.5,49.375
26-09-2019,29.25,53.5
27-09-2019,28.71428571,58.14285714
28-09-2019,28.25,58.5
29-09-2019,29,54.57142857
30-09-2019,29,46.875
01-10-2019,28.125,51.25
02-10-2019,28.28571429,53.71428571
03-10-2019,30,52.33333333
04-10-2019,29,54.375
05-10-2019,28.875,59.375
06-10-2019,28.375,61.125
07-10-2019,28.625,65.75
08-10-2019,28.375,65.125
09-10-2019,28.5,59.75
10-10-2019,28.5,54.625
11-10-2019,28.57142857,51.57142857
12-10-2019,29.25,54.125
13-10-2019,29.5,62.875
14-10-2019,28.125,63.625
15-10-2019,27.5,66
16-10-2019,27.875,62.625
17-10-2019,28,63.75
18-10-2019,26.85714286,71.71428571
19-10-2019,28.14285714,66.28571429
20-10-2019,27.71428571,64.85714286
21-10-2019,26.5,62.125
22-10-2019,24.75,56
23-10-2019,24,51.625
24-10-2019,24.875,53.25
25-10-2019,26.375,47.125
26-10-2019,25.625,52.125
27-10-2019,24.75,54.25
28-10-2019,20.875,57.25
29-10-2019,22.125,63.5
30-10-2019,22.375,67.25
31-10-2019,22.375,69.375
01-11-2019,22.875,70.5
02-11-2019,23.375,71.375
03-11-2019,24,67.875
04-11-2019,23.75,69
05-11-2019,22.125,75.25
06-11-2019,22.875,74.375
07-11-2019,21.875,74.875
08-11-2019,21.875,70.25
09-11-2019,21.75,73.625
10-11-2019,22.75,72.625
11-11-2019,21.875,59.5
12-11-2019,21.875,60.5
13-11-2019,22.375,59.375
14-11-2019,22.375,59.625
15-11-2019,22.5,62
16-11-2019,21.875,50.375
17-11-2019,19.875,48.375
18-11-2019,18.5,57.625
19-11-2019,18.5,64.75
20-11-2019,18.5,66
21-11-2019,18.75,67.625
22-11-2019,18.625,64.875
23-11-2019,17,73.5
24-11-2019,18.5,63
25-11-2019,19.375,56.375
26-11-2019,20,59.5
27-11-2019,18.5,66.25
28-11-2019,18.75,82.125
29-11-2019,18.125,81.25
30-11-2019,19.5,82.375
01-12-2019,19.25,78.75
02-12-2019,18.125,72.125
03-12-2019,17.625,70.25
04-12-2019,17.625,67.5
05-12-2019,17.5,72.375
06-12-2019,17.125,75.875
07-12-2019,17.625,76.875
08-12-2019,18.42857143,71.28571429
09-12-2019,18.375,78.125
10-12-2019,19,77.25
11-12-2019,17.25,77.875
12-12-2019,13.25,91
13-12-2019,12.875,67
14-12-2019,13.25,63.625
15-12-2019,13.125,63.875
16-12-2019,13,65.5
17-12-2019,12.25,73.625
18-12-2019,12.875,71.25
19-12-2019,12.375,71.875
20-12-2019,11.75,70.25
21-12-2019,12.625,74.75
22-12-2019,12,79.875
23-12-2019,12.5,81.375
24-12-2019,11.25,68.625
25-12-2019,11.5,66.125
26-12-2019,12.75,64.5
27-12-2019,15.375,63.25
28-12-2019,17.125,58.125
29-12-2019,16.375,65
30-12-2019,15.5,71.75
31-12-2019,15,71.375
01-01-2020,14.71428571,72.28571429
02-01-2020,14,75.875
03-01-2020,14.375,74.75
04-01-2020,15.75,77.125
05-01-2020,15.83333333,88.83333333
06-01-2020,17.375,81.625
07-01-2020,17.125,87
08-01-2020,15.5,83.25
09-01-2020,15.85714286,65.14285714
10-01-2020,15.625,74.375
11-01-2020,15.75,74.875
12-01-2020,18,69.6875
13-01-2020,18.26666667,75.8
14-01-2020,15.5625,80.4375
15-01-2020,13,84.1875
16-01-2020,13.6,80.06666667
17-01-2020,14,77.66666667
18-01-2020,13.26666667,80.46666667
19-01-2020,12.35714286,88.57142857
20-01-2020,12.06666667,84.2
21-01-2020,12.1875,73.1875
22-01-2020,11.73333333,83.4
23-01-2020,14.4375,75.875
24-01-2020,11.1875,86.25
25-01-2020,11.66666667,75.4
26-01-2020,14.5625,79.6875
27-01-2020,17.58333333,69.16666667
28-01-2020,16.85714286,69.35714286
29-01-2020,19.5625,70.625
30-01-2020,20.14285714,78.5
31-01-2020,17.375,78.25
01-02-2020,15.84615385,65.76923077
02-02-2020,15.26666667,55.86666667
03-02-2020,13.125,66.5
04-02-2020,16.36363636,53
05-02-2020,12.66666667,70.66666667
06-02-2020,15.33333333,69.5
07-02-2020,15.625,77
08-02-2020,17.09090909,67.18181818
09-02-2020,17.76923077,67.46153846
10-02-2020,18.13333333,64.86666667
11-02-2020,19.6875,54.75
12-02-2020,19.2,57.86666667
13-02-2020,17.06666667,62.13333333
14-02-2020,17.64285714,61.92857143
15-02-2020,17.6,59.53333333
16-02-2020,18.21428571,56.14285714
17-02-2020,18.71428571,59.28571429
18-02-2020,19.46666667,76
19-02-2020,23.15384615,70.23076923
20-02-2020,23.625,73.125
21-02-2020,21,61.125
22-02-2020,21,51.42857143
23-02-2020,21.42857143,50.64285714
24-02-2020,21.6875,58.0625
25-02-2020,22.5625,57.5
26-02-2020,22.8,55.6
27-02-2020,22.8,59
28-02-2020,23,63.0625
29-02-2020,23.875,63.9375
01-03-2020,24.91666667,57.41666667
02-03-2020,24.93333333,57.06666667
03-03-2020,26,55.61538462
04-03-2020,27.3125,44.25
05-03-2020,23.93333333,57.13333333
06-03-2020,22.8125,66.5625
07-03-2020,23.71428571,64.14285714
08-03-2020,23.42857143,60.21428571
09-03-2020,24,57.5625
10-03-2020,25.5625,57.4375
11-03-2020,25.06666667,67.8
12-03-2020,24.5625,66.9375
13-03-2020,24.25,65.1875
14-03-2020,22.375,66
15-03-2020,24.06666667,58.93333333
16-03-2020,23.9375,53.75
17-03-2020,26.3125,50.3125
18-03-2020,26.1875,61.25
19-03-2020,26.78571429,61.85714286
20-03-2020,27.13333333,58.73333333
21-03-2020,26.625,43.375
22-03-2020,25.0625,37.875
23-03-2020,26.2,43.26666667
24-03-2020,28.13333333,46.86666667
25-03-2020,29.875,50.1875
26-03-2020,24.66666667,62.66666667
27-03-2020,26.25,53.6875
28-03-2020,25.93333333,52.8
29-03-2020,27.125,47.75
30-03-2020,29.57142857,39.78571429
31-03-2020,30,39.73333333
01-04-2020,30.57142857,38.21428571
02-04-2020,32.3125,38.5625
03-04-2020,33.3125,44.25
04-04-2020,32.8125,33.125
05-04-2020,32.3125,29.3125
06-04-2020,31.375,33.125
07-04-2020,29.93333333,37
08-04-2020,29.26666667,36
09-04-2020,30.73333333,32.46666667
10-04-2020,32.25,29
11-04-2020,29.8,35
12-04-2020,30.2,36.2
13-04-2020,31.75,28.0625
14-04-2020,33.125,23.875
15-04-2020,33.625,25.375
16-04-2020,35.6875,23.6875
17-04-2020,34.66666667,23.86666667
18-04-2020,34.625,30.125
19-04-2020,34,33.6
20-04-2020,34.0625,25.9375
21-04-2020,34,24.66666667
22-04-2020,33.25,24.25
23-04-2020,31.91666667,21.81818182
24-04-2020,31.3125,22.125
25-04-2020,31.75,22.8125
26-04-2020,33.4375,25.1875
27-04-2020,33.125,29.0625
28-04-2020,34.15384615,21.76923077
29-04-2020,34.07142857,23.28571429
30-04-2020,33.0625,25.5625
01-05-2020,34.6875,23.375
02-05-2020,38,18.46666667
03-05-2020,35.5,30.375
04-05-2020,33.71428571,31.85714286
05-05-2020,30.6,42
06-05-2020,31.4375,37.4375
07-05-2020,33.3125,37.1875
08-05-2020,35.13333333,36.33333333
09-05-2020,33.53333333,40.6
10-05-2020,34,39.75
11-05-2020,32.5,49.9375
12-05-2020,35.375,40
13-05-2020,37.29411765,28.11764706
14-05-2020,36.5625,31.875
15-05-2020,37.25,29.5
16-05-2020,37.21428571,23.5
17-05-2020,37.5,25.8125
18-05-2020,37.75,27.625
19-05-2020,37.375,40.5
20-05-2020,37.4,44.2
21-05-2020,36.13333333,45.4
22-05-2020,36.8,44.8
23-05-2020,32.21428571,47.92857143
24-05-2020,31.52631579,53.52631579
25-05-2020,33.2173913,46.60869565
26-05-2020,35.26923077,44.57692308
27-05-2020,38.27272727,26.09090909
28-05-2020,36.0625,37.25
29-05-2020,31.5,57.0625
30-05-2020,26.8125,74.8125
31-05-2020,32.64285714,51.21428571
01-06-2020,36,42.2
02-06-2020,37.5625,35.3125
03-06-2020,37.5625,40.6875
04-06-2020,38.2,42.06666667
05-06-2020,36.16666667,51.75
06-06-2020,35.42857143,45.71428571
07-06-2020,34.625,59.1875
08-06-2020,36.07142857,44.64285714
09-06-2020,35.73333333,43.73333333
10-06-2020,36.13333333,41.86666667
11-06-2020,33.4375,49.9375
12-06-2020,35.5,37.125
13-06-2020,36,43.3125
14-06-2020,32.625,55.125
15-06-2020,34.73333333,48.86666667
16-06-2020,33.5,51.28571429
17-06-2020,34.1875,52.25
18-06-2020,35.85714286,50.57142857
19-06-2020,35.625,53.25
20-06-2020,30.9375,73.9375
21-06-2020,32.875,62.1875
22-06-2020,33.125,60.8125
23-06-2020,33.84615385,51.61538462
24-06-2020,36.4375,46.5625
25-06-2020,35.42857143,55.92857143
26-06-2020,34.86666667,57.46666667
27-06-2020,34.3125,61.25
28-06-2020,30.78571429,75.07142857
29-06-2020,35.375,58.875
30-06-2020,35.46666667,60.2
01-07-2020,32.125,73.4
02-07-2020,28.4,80
03-07-2020,29.5625,78.125
04-07-2020,30.6875,76.3125
05-07-2020,33.25,68.6875
06-07-2020,33.26666667,64.06666667
07-07-2020,33.5,63
08-07-2020,30.8,75.86666667
09-07-2020,33.25,66.0625
10-07-2020,32.5625,65.6875
11-07-2020,31.5,71.9375
12-07-2020,30.5,80.1875
13-07-2020,31.25,76.3125
14-07-2020,30.4375,80.4375
15-07-2020,31,78.0625
16-07-2020,27.125,93.875
17-07-2020,28.125,86.5625
18-07-2020,27.66666667,91.26666667
19-07-2020,32.3125,69.125
20-07-2020,34.1875,59.5625
21-07-2020,34.13333333,56.86666667
22-07-2020,34.125,56.125
23-07-2020,31.875,66
24-07-2020,31.4375,72.25
25-07-2020,31.9375,69.125
26-07-2020,30.3125,82
27-07-2020,28.3125,88.25
28-07-2020,29.53333333,81.33333333
29-07-2020,27.375,92.4375
30-07-2020,27.33333333,92.26666667
31-07-2020,29.26666667,83.13333333
01-08-2020,29.125,84.25
02-08-2020,30.6875,72.125
03-08-2020,32.5625,63.5625
04-08-2020,33.11111111,63.88888889
05-08-2020,33.8,61.66666667
06-08-2020,30.06666667,76
07-08-2020,33.11764706,65.17647059
08-08-2020,33.80952381,62.38095238
09-08-2020,31.61538462,71.65384615
10-08-2020,32,71.25925926
11-08-2020,28.10714286,89.46428571
12-08-2020,29.03571429,85
13-08-2020,30.32142857,77.07142857
14-08-2020,28.93333333,83.7
15-08-2020,31.67857143,67.64285714
16-08-2020,31.33333333,66.41666667
17-08-2020,29.92857143,72.5
18-08-2020,29.88888889,79.81481481
19-08-2020,32.07142857,68.28571429
20-08-2020,33.18518519,66.48148148
21-08-2020,31.59259259,68.07407407
22-08-2020,32.18518519,65.55555556
23-08-2020,31.48,70.08
24-08-2020,30.17857143,79.28571429
25-08-2020,31.52,72.44
26-08-2020,31.22222222,73.81481481
27-08-2020,31.78571429,70.28571429
28-08-2020,33.4,66.24
29-08-2020,29.57142857,82.32142857
30-08-2020,30.04,76.8
31-08-2020,27.25925926,89.55555556
01-09-2020,27.96,87.24
02-09-2020,30.73913043,71.73913043
03-09-2020,30.89473684,62.68421053
04-09-2020,31.69230769,59.30769231
05-09-2020,31.07692308,60.30769231
06-09-2020,30.375,55
07-09-2020,31.1,57.7
08-09-2020,31.91666667,58
09-09-2020,30.55555556,56.66666667
10-09-2020,31.23076923,58.23076923
11-09-2020,31,56.4
12-09-2020,31.64285714,55.5
13-09-2020,32.53333333,57.06666667
14-09-2020,30.85714286,70.35714286
15-09-2020,31.72727273,59.63636364
16-09-2020,31.4,58
17-09-2020,32.30769231,58
18-09-2020,32.25,58.83333333
19-09-2020,32.375,59.45833333
20-09-2020,33.44444444,54.07407407
21-09-2020,33.36,58.96
22-09-2020,30.03703704,67.62962963
23-09-2020,31,66.10714286
24-09-2020,31.24,66.48
25-09-2020,31.13043478,62.30434783
26-09-2020,31.48,60.88
27-09-2020,32.18518519,57.81481481
28-09-2020,32.44,55.28
29-09-2020,32.22727273,61.31818182
30-09-2020,32.21428571,59.35714286
01-10-2020,32.54166667,61.91666667
02-10-2020,32.81481481,61.81481481
03-10-2020,33.26923077,59.57692308
04-10-2020,30.55555556,69.81481481
05-10-2020,28.83333333,71.875
06-10-2020,30.7037037,64.81481481
07-10-2020,30.96,59.96
08-10-2020,30.6,57.96
09-10-2020,30.92,59.2
10-10-2020,29.77777778,51.11111111
11-10-2020,29.66666667,51.14814815
12-10-2020,29.57142857,47.28571429
13-10-2020,29.96296296,44
14-10-2020,29.75,47.875
15-10-2020,27.74074074,54.14814815
16-10-2020,28.42857143,49.85714286
17-10-2020,28.6,49.24
18-10-2020,28.5,48.45833333
19-10-2020,28.92592593,49.18518519
20-10-2020,29.07692308,47.73076923
21-10-2020,28.40909091,50.40909091
22-10-2020,29.33333333,49.48148148
23-10-2020,27.5,54.96153846
24-10-2020,28.5,51.42307692
25-10-2020,28.04,54.56
26-10-2020,27.57692308,56.19230769
27-10-2020,26.55555556,59.37037037
28-10-2020,25.51851852,58.77777778
29-10-2020,25.81481481,62.77777778
30-10-2020,24.82608696,71.04347826
31-10-2020,24.53846154,66.80769231
01-11-2020,24.38461538,58.73076923
02-11-2020,23.72727273,65.90909091
03-11-2020,25.64,59.76
04-11-2020,24.81481481,58.2962963
05-11-2020,23.11538462,66.57692308
06-11-2020,22.92592593,63.85185185
07-11-2020,24.54545455,51.31818182
08-11-2020,23.73076923,52.26923077
09-11-2020,23,49.7037037
10-11-2020,23.51851852,50.14814815
11-11-2020,23.92,54.04
12-11-2020,23.53846154,58.03846154
13-11-2020,24.2962963,55.81481481
14-11-2020,23.34615385,60.73076923
15-11-2020,22.24,55.72
16-11-2020,21.76923077,53.23076923
17-11-2020,21.73076923,51.73076923
18-11-2020,21.73076923,53.61538462
19-11-2020,20.66666667,60.66666667
20-11-2020,22.25,59.9
21-11-2020,21.53846154,60.46153846
22-11-2020,22.57894737,50.15789474
23-11-2020,22.82608696,51.43478261
24-11-2020,21.42105263,51.47368421
25-11-2020,23.6,30.55
26-11-2020,24.29411765,32.64705882
27-11-2020,23.63636364,33.63636364
28-11-2020,22.45454545,37.31818182
29-11-2020,21.61111111,53.72222222
30-11-2020,19.86956522,80.08695652
01-12-2020,19.75,84
02-12-2020,19.20833333,75.875
03-12-2020,21.20833333,52.16666667
04-12-2020,18.9,55.25
05-12-2020,18.63636364,56.59090909
06-12-2020,18.53846154,69.92307692
07-12-2020,18.25,74.35
08-12-2020,16.9,73.3
09-12-2020,19.41666667,68.125
10-12-2020,16.44444444,82.83333333
11-12-2020,20.04166667,69.58333333
12-12-2020,19.90909091,63.86363636
13-12-2020,19.05,62.35
14-12-2020,18.55555556,58.61111111
15-12-2020,18.16666667,56.625
16-12-2020,15.83333333,63.27777778
17-12-2020,17.5,63.38888889
18-12-2020,16.08333333,64.54166667
19-12-2020,17.85714286,56.0952381
20-12-2020,19.8,48.53333333
21-12-2020,18.05,54.3
22-12-2020,17.28571429,57.85714286
23-12-2020,15.55,74.7
24-12-2020,17.31818182,78.63636364
25-12-2020,14,94.3
26-12-2020,17.14285714,74.85714286
27-12-2020,16.85,67.55
28-12-2020,17.2173913,68.04347826
29-12-2020,15.23809524,87.85714286
30-12-2020,14.0952381,89.66666667
31-12-2020,15.05263158,87
01-01-2021,10,100
x.year-x.month-x.day,286.2,100

x.year-x.month-x.day,286.2,100

x.year-x.month-x.day,286.2,100

x.year-x.month-x.day,286.2,100

x.year-x.month-x.day,286.2,100
x.year-x.month-x.day,286.2,100
x.year-x.month-x.day,286.2,100
x.year-x.month-x.day,286.2,100
x.year-x.month-x.day,286.2,100
x.year-x.month-x.day,286.2,100
x.year-x.month-x.day,286.2,100
x.year-x.month-x.day,286.2,100
